<environmentvariabledefinition schemaname="ur_customvisionclassifyimageprojectid">
  <defaultvalue>426ce4b5-92ee-4af9-9bc8-a0b36bb4b1c8</defaultvalue>
  <description default="Custom Vision Classify Image ProjectID GUID Reference">
    <label description="Custom Vision Classify Image ProjectID GUID Reference" languagecode="1033" />
  </description>
  <displayname default="Custom Vision Classify Image Project ID">
    <label description="Custom Vision Classify Image Project ID" languagecode="1033" />
  </displayname>
  <introducedversion>0.8.0.11</introducedversion>
  <iscustomizable>1</iscustomizable>
  <isrequired>0</isrequired>
  <secretstore>0</secretstore>
  <type>100000000</type>
</environmentvariabledefinition>