{"__Version":"0.1","App":"a89ddbf7-3d37-4eff-84eb-1d189437771d","Test_7F478737223C4B69":"36fcf286-1254-44c9-9dff-60c482517346","Host":"68847650-dd37-4c6c-b703-b4176abf7dda","comFooter":"cc43b7a7-b98f-4b48-8207-2bd9dc36aabf","imgFooter":"270c5702-af6f-44fe-96ad-78afb7142a92","comHeader":"e986ac42-c600-4959-b14b-b97f75354c9b","imgAppLogo":"67b70964-b10a-4f62-9e96-b5a486e47e15","lblHeaderWelcome":"4027be7e-6fa0-4716-be8c-73a794bde6ac","HomeScreen":"b416510f-187d-4d51-991b-1445ad2ca0d8","comHeaderHome":"cfe90ec3-b151-4811-bcc7-889f1ed4e7aa","imgOffice":"13604306-0964-4b72-ab20-2320bf27da7f","lblVisitorSelfRegistrationTitle":"606869d5-5fb9-49d8-a526-9b9f767caa97","icoRectangleHome":"cbd6e18d-4edf-4dde-b0c3-b9c7947a815f","btnVisitorCheckIn":"d03916ee-646b-47e9-981a-2fc98a7a3a61","btnVisitorCheckOut":"09cbd364-e7b8-4be9-8dfc-f5343138087b","comFooterHome":"b907e6a2-f716-4a4e-bd0b-f28793822cda","GuestHostScreen":"c731cb94-0364-43c9-a130-229f18c68a09","comHeaderGuestHost":"4cfa2f2d-e512-4244-85a4-7cfbf11c10b6","lblGuestHostSearchInfo":"9303dd13-23ea-42f7-99cf-b4951d0a8e6f","galGuestHosts":"45132f8c-08cc-4b11-afff-3b3d9db0d458","galleryTemplate3":"713dd8cd-b2be-409d-9f24-5bb0b8119d70","imgGuestHostPhoto":"505455e7-c99e-4270-afaf-1ec1a3e140be","lblGuestHostFullName":"91ccd686-56de-41ae-9bca-5c1ad68c29e6","lblGuestHostJobTitle":"73a0eb4f-1140-4cdf-9e5b-e73d4d819c56","lblGuestHostEmail":"0a9ad033-2da5-4d3e-b776-830d185eb16c","lblSelectedGuestHost":"32ae9968-d735-4871-ab4b-37a128300cd7","lblSelectedGuestHostFullName":"9566aa9a-c7cb-4bc4-907d-5d1788af7eac","lblSelectedGuestJobTitle":"69770704-7c11-46e6-9ad6-b461a5969ccc","conNavigationGuestHost":"e099532c-b252-4d7e-a8a0-00e9c65add16","lblGuestHostProceedInstruction":"314ce464-b32e-4bb8-8718-a6e8883e49b3","icoGuestHostGoHome":"78316e33-535d-4b65-8853-c2e2ef35b6c9","icoGoToVisitorRegistration":"ba4041f3-17c0-4f35-8e8e-828f81af1d64","comFooterGuestHost":"c7f019a9-eec6-478d-9ed0-9c94cc1adbcf","grpSelectedGuestHost":"33435f7c-80cb-4b7a-9101-7e58f6ef5c4c","SafeWorkCheckScreen":"872d7eb4-00c8-4fa7-a356-3f5559179a17","comHeaderSafeWorkCheck":"4289d159-d07a-4a4d-829a-8963df767b08","lblCameraInfo":"07fce282-be18-437c-9290-df24c64b1f49","camVisitor":"3edbbb0c-df45-4b34-8f9d-8faab73e86ee","lblCameraInstruction":"f2a19439-1359-45bf-bb7b-0345f42f4cc3","conNavigationSafeWorkCheck":"f3d43fce-3ecc-4f7f-9ad0-c43a2b9af8d9","lblSafeWorkCheckProceedInstruction":"a75b87c9-cbf8-4af7-9c71-0161b62404e8","icoSafeWorkCheckGoHome":"9fbb0f39-beee-4dfe-8b11-53d64c8658dd","icoGoToSafeWorkResult":"9d5e4c50-a94a-44e1-b226-52d1ffd82233","comFooterSafeWorkCheck":"8f1ff18b-b110-41df-a4bd-65681aac0482","SafeWorkResultScreen":"c9ecb113-eaa8-4ceb-b50b-c22b7302de8f","comHeaderSafeWorkResult":"6b35d373-63c7-490f-9fc4-5005115e661d","lblVisitorSafeWorkResultInfo":"636d39b1-f6ea-48d4-8434-d0874a50765e","lblVisitorSafeWorkCheckResultInfo":"2a143fe0-5006-4873-bd94-f11d8cc11bf0","icoSafeWorkCheckNotOkay":"dcd00d6a-eaa3-462b-bf72-6c3a70996478","icoSafeWorkCheckOkay":"72550693-80cb-4eb1-ae96-d5e133ed0470","imgVisitor":"14bbe05c-e479-482c-b96e-81ca776ca9b2","lblCheckFirstTag":"3d155edd-cb76-43c2-a576-ae8c28a34f54","lblCheckFirstProbability":"080f1065-8d57-4865-80d4-df882ae145ba","lblCheckLastTag":"5ce04fb5-de4c-40b7-9278-91222a7dd476","lblCheckLastProbability":"7dd9f998-54b3-410b-a277-7af79e1fd016","conNavigationSafeWorkResult":"7fa8a297-b508-42b6-8f27-f90d18edafc0","lblSafeWorkResultProceedInstruction":"c8eab002-b138-4929-b8bf-ac989fc2b452","icoSafeWorkResultGoHome":"7928c7b5-ebb9-4435-960f-f95fe5e7872f","icoGoToEquipmentLoan":"445fd5d5-12c7-4a6c-a665-f914d8d8f4ca","comFooterSafeWorkResult":"5638b40a-f32e-488d-828c-aa908d9f700c","CheckInThankYouScreen":"ac39a0d1-4925-4b14-b05b-eb498189636a","comHeaderCheckInThankYou":"aa1282ae-8b2e-43c8-b0f8-3521aa979102","lblCheckInThankYou":"a8d3e7f1-8021-4844-9ace-4b2c8e046596","icoCheckInSuccess":"683fbf98-f96f-4025-9233-c43ba5e85bfa","conNavigationCheckInThankYou":"aa700f66-c1c3-4b03-986f-c6483632b35a","lblCheckInThankYouInstruction":"99eafc7f-fe3f-4bb6-8ca1-8340c87e0025","icoCheckInThankYouGoHome":"28f002d6-33be-4e72-adbb-c6c0085fc032","comFooterCheckInThankYou":"746d9403-3785-4aa6-82f0-34f5e99ea812","EquipmentLoanScreen":"3de99076-ff2f-41d7-8f94-321b3da82d18","comHeaderEquipmentLoan":"530fdff3-d46a-4aa1-96cf-22f335e4886b","ckbLoanAnEquipment":"30e557e4-ab42-46d0-bb10-420269c6b71c","galVisitorEquipments":"39ea4c74-dae4-4f11-8a7c-5a2531ed315a","galleryTemplate1":"7da879b7-4099-46e2-8f22-c5fff1e17409","imgEquipmentPhoto":"5a34faf4-552c-4ddf-84aa-ab10d00ac523","lblEquipmentName":"27f5195f-8aa3-457e-b85b-13ea9776fa27","lblSelectedEquipment":"ea5c0900-6273-421a-a816-10bccf614ffc","lblSelectedEquipmentName":"2a08b7e3-cd8e-4549-986d-7eb651f19ed5","lblSelectedEquipmentDescription":"71ee0751-d95c-41a0-9be1-1316fee456c8","conNavigationEquipmentLoan":"f70d45c8-92db-47ea-aac1-6c5d1b6da1fb","lblEquipmentLoanProceedInstruction":"0a87e1dd-c5a6-4e16-aa5b-481b2498faa3","icoEquipmentLoanGoHome":"a50dec06-5bcb-422f-a1c7-6500632899c0","icoGoToCheckInThankYou":"8205ae04-c65c-448e-8fdd-2a143c419765","comFooterEquipmentLoan":"01683f6e-28d6-4e6d-96e9-ce4eb5ab66f2","grpSelectedEquipment":"f6ffa007-94c1-436d-8932-cdff7e6d8b99","CheckOutScreen":"e4173f04-3915-4116-bfbc-9aaa3212bba1","comHeaderCheckOut":"d2c16070-02cb-4134-9a1b-ea6f7feb108e","lblSearchVisitorName":"e05db6cb-8f07-4398-905c-5d2b7fee6ea7","galCheckOutVisitors":"9c9693fa-18c6-4729-b29a-ab32dfb1a568","galleryTemplate2":"146f2222-cb82-433c-9c8e-f72289d20151","imgCheckOutVisitorPhoto":"1ec3ba97-b64c-43c5-abd3-6ec1212b1186","lblCheckOutVisitorFullName":"2598c0fc-24e5-467c-9f43-6b67e6b4c4be","lblCheckOutVisitorEmail":"e03322ff-b778-4dd2-a695-9362d86a671a","lblSelectedCheckOutInfo":"b2d40c14-788e-40c2-8755-264303e17c4e","lblSelectedVisitorName":"165f1ccd-b3d3-4849-93e8-887b8e9361f7","lblSelectedVisitorDateAndCheckIn":"3575e3a2-2d50-4626-bbed-cc424ee921d3","conNavigationCheckOut":"e3456809-0e20-4edf-9d20-b46bb823641b","lblCheckOutProceedInstruction":"9a55492c-9b4c-4784-90aa-634874cbdf9b","icoCheckOutGoHome":"f5aa2afc-1c1a-4d5b-9726-3f79befef4f8","icoGoToCheckOutThankYou":"f19e1a4a-976f-4479-8f7b-fa58be5506f7","comFooterCheckOut":"46c66ea2-4add-4478-8e27-019aef0802e6","grpSelectedVisitor":"1ad8cd90-aa91-4b67-860e-454515f6071c","CheckOutThankYouScreen":"55694364-b51d-45f4-add0-06c72e43a57c","comHeaderCheckOutThankYou":"5df8d3f8-6fb5-486b-be0a-38c6877edc04","lblCheckOutThankYou":"aa34041f-ce56-4693-869d-3a077fcc3427","icoCheckOutSuccess":"b2b64f82-4aac-49fd-bbe0-9a766df4b675","conNavigationCheckOutThankYou":"2368d6f4-8d5b-4346-8b7f-d39cf42581f2","lblCheckOutThankYouInstruction":"74e63697-8d39-4b2e-bd6e-0193928a3547","icoCheckOutThankYouGoHome":"44bb2489-2dea-4068-b1a9-e8ebd50ed019","comFooterCheckOutThankYou":"e47786fe-e345-4247-964a-6d631327ae1e","VisitorRegistrationScreen":"e06167fc-285c-47dd-9e32-88f66d281c63","comHeaderVisitorRegistration":"0a727784-bfbf-49fa-9043-9356ef78efb7","lblTitleVisitorRegistration":"1bf7c87b-3ab6-4688-808d-c2084e64f5bf","frmVisitor":"199be61d-d68c-490b-8746-3dafb025ee76","FirstNameDataCard":"b2bb34e6-8f3d-49fd-9c22-5c11919843f0","StarVisible2":"2f69a830-1539-46bf-acc9-2d4958402134","DataCardKey2":"0ace46a3-7a19-4f05-a52b-02b38dfca507","FirstNameDataCardValue":"15adcc02-b908-4cd8-9da3-9389750e8b57","ErrorMessage2":"2744e285-d2eb-4c00-b481-dacefb839bb5","LastNameDataCard":"6d882002-1821-4db4-82a2-1b18bfa66c7a","StarVisible3":"d0dfa884-d162-43c6-9759-bb580c46668d","DataCardKey3":"107d8ed7-fcb3-4044-9240-1e2062f4711b","LastNameDataCardValue":"90e655ed-4a4c-4270-9d71-14a856a9599b","ErrorMessage3":"029c7db4-61d0-45cd-b173-343d8d28f351","EmailDataCard":"e70e43b2-1078-4284-97d3-306dd2805362","StarVisible1":"e0adcefd-4d4c-4a6b-b187-7994b1aec5bb","DataCardKey1":"cd34bf8d-80dd-4b5c-af82-5dfb87faa1bf","EmailDataCardValue":"b96f36b5-d72d-4d4e-b328-f52645e9d9c2","ErrorMessage1":"069a5ec3-93c4-4d4d-87dd-c3e2d5c1ddbd","lblInstructionInfoVisitorRegistration":"edbc1a0a-abc5-426a-9bc5-5acdcdc58b86","conNavigationVisitorRegistration":"19171689-2054-494a-927c-7c96f609056d","lblVisitorRegistrationProceedInstruction":"41a679b8-7c7d-431e-a874-b45a3435ce4d","icoVisitorRegistrationGoHome":"13115ef1-19ad-447e-bf6e-30ce8490d40d","icoGoToSafeWorking":"a859ceb3-2a5e-45d2-ae0d-3721146a2622","comFooterVisitorRegistration":"34320adf-9bfc-4e67-a7b6-36d46f96eb04"}