<environmentvariabledefinition schemaname="ur_customvisionclassifyimagepublishedname">
  <defaultvalue>Iteration1</defaultvalue>
  <description default="Custom Vision Classify Image Published Name of the Model Iteration Reference">
    <label description="Custom Vision Classify Image Published Name of the Model Iteration Reference" languagecode="1033" />
  </description>
  <displayname default="Custom Vision Classify Image Published Name">
    <label description="Custom Vision Classify Image Published Name" languagecode="1033" />
  </displayname>
  <introducedversion>0.8.0.11</introducedversion>
  <iscustomizable>1</iscustomizable>
  <isrequired>0</isrequired>
  <secretstore>0</secretstore>
  <type>100000000</type>
</environmentvariabledefinition>