{"__Version":"0.1","App":"35f2ad10-2d48-41c7-9ea9-13959e242eba","Test_7F478737223C4B69":"71ecd0c7-fcaa-481f-b1b2-bf4ae95dd556","Host":"fd638b0e-39dd-4246-90ec-3ca0a2853ba9","comHeader":"f37f60e3-a328-4d34-a2ce-83db6672fe5f","imgAppLogo":"6ba4dbb8-061d-447c-96c4-2b542014e3d8","lblHeaderWelcome":"ede9c465-e377-4ce5-9671-5432a6a0374d","comFooter":"b68549eb-6509-4cf4-bbf2-a806b1d2be92","imgFooter":"9e9f91da-20ff-4d7b-8772-12d799ef37a2","HomeScreen":"d8c974d6-d472-4fef-99f6-036aec6906e2","comHeaderHome":"03d57917-9e73-4ca3-baa6-101c29de6547","imgOffice":"a6e0833e-3115-4003-9742-3b8e4da8fe56","lblVisitorSelfRegistrationTitle":"66e8426a-43ff-452d-a48e-3586940600a5","comFooterHome":"23075cbf-09eb-40a8-af15-dc75def81b26","btnVisitorCheckIn":"97eae5cf-7f04-49b6-84e8-590ae910c50b","btnVisitorCheckOut":"1746c0b9-8357-43ab-b7b8-a02b6ba547b2","GuestHostScreen":"06ef0bb1-a446-48df-bf72-25cc46aab4db","comHeaderGuestHost":"7755144b-d62c-4107-8556-fa201c43b918","lblGuestHostSearchInfo":"fb8ea15d-bb4e-4110-bd30-fd049bb56d5d","conSelectedGuestHost":"85ea4cd1-f088-41e9-9042-b6e4fb319fc1","lblSelectedGuestHost":"c7dae163-4957-45ba-bdc2-b621273af694","lblSelectedGuestHostFullName":"39f64d3d-7819-46fb-8379-710120f6bcf8","lblSelectedGuestJobTitle":"2b0894a9-f19b-41f6-9ef8-6cba34a0cf30","galGuestHosts":"6a273983-2d7c-45ae-9fa3-bd56f6b02f58","galleryTemplate1":"13fc76d6-eb2f-4087-b2b5-77615971cbb9","lblGuestHostFullName":"1ede657b-73e1-40a4-ba2e-ceb8bebc86f6","imgGuestHostPhoto":"6fd279ce-fbed-4731-91d7-b5f6e53ce0ae","lblGuestHostJobTitle":"dfead52b-fa03-4b66-be88-242450e49297","lblGuestHostEmail":"4d42cd2d-5cad-45ac-9376-c3d5a40a7c52","conNavigationGuestHost":"47a6573a-8e05-42b0-9b98-46b158048341","icoGuestHostGoHome":"63ba8eb7-6f83-4d02-b5f1-bf9e3b44d127","icoGoToVisitorRegistration":"c39f2d90-0160-4152-bde7-4c9db2c24d8f","VisitorRegistrationScreen":"b0cde2ff-848c-4bc5-94f5-0deaf1c80d85","comHeaderVisitorRegistration":"136df8de-2044-4377-81eb-fa836b6abaca","lblVisitorRegistrationInfo":"bfe272d2-2981-4769-b6f6-9b38f20bb0ec","frmVisitor":"7a027e00-89a0-488a-92bd-f39b70703c3f","FirstNameDataCard":"78d1faeb-b11f-4aa9-b7da-2be64e6e86bf","StarVisible2":"60ecdc9c-49bc-4e49-89ad-ec5992fee896","DataCardKey2":"da8ca747-7ce1-47bd-8b4c-c192c9062c19","FirstNameDataCardValue":"3b6a460d-5676-46bd-9299-fa3f5d6ffd71","ErrorMessage2":"ef99b2de-6c27-4a7f-9055-874da86140c1","LastNameDataCard":"89132425-5ef0-4544-b3ce-d7a53a6bbbbe","StarVisible3":"00c08fab-03cf-4941-978b-8ea93ae18bd5","DataCardKey3":"4d7c2345-6034-4eb0-a5ca-6bea9c865fd6","LastNameDataCardValue":"c27d280b-4a2f-43e5-be2c-cd882dd2a017","ErrorMessage3":"3ef08063-5e96-403b-b462-114fa67f4a04","EmailDataCard":"435eda89-9192-420b-aa2e-fb40a36f92e1","StarVisible4":"739f643f-bd83-4426-8b20-0969fe78d4b6","DataCardKey4":"20fa9c80-da52-4023-bb50-a0d4e1605862","EmailDataCardValue":"5bb1e363-774b-4f9f-8650-ac3837c58bb7","ErrorMessage4":"931fe711-ea38-4db5-ab48-a6298709db01","conNavigationVisitorRegistration":"89c851fc-a09c-451a-9e5c-fee323da41ae","icoVisitorRegistrationGoHome":"61114fd3-c1e2-4a5a-a98b-ef3cf401dfff","icoGoToSafeWorking":"7a8d6d44-9c70-457d-853d-0be2b26f097b","EquipmentLoanScreen":"d0436f2a-35f8-4e39-8154-aeafb09f2709","comHeaderEquipmentLoan":"9bb456c0-88e1-444a-b6f6-ef208bc9bd67","conNavigationEquipmentLoan":"da7439e2-59f0-41e4-ae07-fe2617f8f191","icoEquipmentLoanGoHome":"64f9927b-5adc-49b0-ad7f-f53888e76dab","icoGoToCheckInThankYou":"dc457d43-3853-43df-a36c-fca6564739a1","galVisitorEquipments":"63f45c4b-ecdc-4641-aea0-6686bee267f9","galleryTemplate1_1":"3ac7c3ab-f849-4ba6-af5b-2f9782023d4c","lblEquipmentName":"03fcbc85-29a3-4038-b9f0-4dccf39538aa","imgEquipmentPhoto":"f418381c-7137-46ea-8aed-32fe0c46bd0e","lblEquipmentDescription":"826b6c0c-a493-401c-b5b4-1f27862ce6cd","ckbLoanAnEquipment":"b25ce009-8679-4896-b0f8-cb8f6b77b102","conSelectedEquipment":"64875135-202a-4d17-8372-6a4b00d3c6c8","lblSelectedEquipment":"4d0bf048-9ed4-4f67-b536-844e2bab066e","lblSelectedEquipmentName":"f4511810-7431-486e-8e40-3455fb653fa6","lblSelectedEquipmentDescription":"5bd4d444-d154-4678-8af7-96397355fde3","SafeWorkResultScreen":"9393e5d4-9e8e-4f38-a548-b30ee8381254","comHeaderSafeWorkResult":"037aa1d4-6a28-438d-be89-e809a044b062","lblSafeWorkResultkInfo":"42403015-ca1e-492f-ad27-d1ab45a047ca","imgVisitor":"54cfd93d-8b2f-4269-aebc-de5316bf98a8","lblSafeWorkResultInstruction":"edbf59df-ab27-494a-996d-8c11c38a34e1","icoSafeWorkCheckNotOkay":"f8e1c26e-06be-4042-9073-817dd9eb107e","icoSafeWorkCheckOkay":"90faaab0-78a4-4f9e-adea-38a3d629c614","lblCheckFirstTag":"bbb77e6d-9f7d-44f6-a1bd-0fa7354a9400","lblCheckFirstProbability":"af1d1979-7dba-4eae-8e0c-85700b20d1f2","lblCheckLastTag":"1a436fe9-aede-434e-b17d-140fb1ec9d63","lblCheckLastProbability":"0c7030f2-f59a-47f8-bdc8-76bc25f49031","lblSafeWorkResultProceedInstruction":"d72d2655-07ef-4476-bad3-91c9752c0d6f","conNavigationSafeWorkResult":"2672e74e-fbdd-420d-a16a-7f5b4cb40e32","icoSafeWorkResultGoHome":"81bde8fe-107c-4690-abe2-37c375053aff","icoGoToEquipmentLoan":"d9f82b40-026f-4fc2-acf2-a8a791a1114e","SafeWorkCheckScreen":"fce696b6-df02-4252-a559-f2ec26a496db","comHeaderSafeWorkCheck":"5db9fa9f-4aeb-43a3-9a50-4d93d3ded616","lblSafeWorkCheckInfo":"e4ab5968-83e7-4bab-a18f-a7ae7e78c870","camVisitor":"59336933-d1eb-4b39-8481-f126d76e976d","lblSafeWorkCheckProceedInstruction":"7af44e5e-c472-40a5-8349-30591c80c870","conNavigationSafeWorkCheck":"1749089e-d653-4a15-908a-64521933f942","icoSafeWorkCheckGoHome":"5bb25977-a7fe-489a-9304-f6ca22b05d5d","icoGoToSafeWorkResult":"9c22316e-e0a2-40f4-a84c-6fc727c7e4c1","CheckInThankYouScreen":"9efd19a8-8b31-47d7-89e9-c6d2f681ce94","comHeaderCheckInThankYou":"5eac2eff-5226-4139-ae2b-a3cf3a88caa3","conNavigationCheckInThankYou":"2887bd16-dbeb-4b7f-ad9a-00698800b5a3","icoCheckInThankYouGoHome":"f234e79f-34f9-43a5-ba07-6119b7beb51a","icoCheckInSuccess":"f8089838-fada-4c20-88b3-fd03f9112397","lblCheckInThankYou":"a0ea2260-ec95-4225-98b5-5290ea3c9e1e","lblCheckInThankYouInstruction":"11b67278-e2b0-4c9f-947e-ba333c43baf9","CheckOutScreen":"f7a46a74-1eb4-4f8d-9405-c8e503e3e7da","comHeaderCheckOut":"e27a7db0-440a-45bf-ac9b-4c2c9355c5d9","conNavigationCheckOut":"7b264e0e-955f-4bcb-bda1-0c9220fec2d0","icoCheckOutGoHome":"7eae1363-c176-44bd-a0a6-d14b5ca2c15a","icoGoToCheckOutThankYou":"6a983493-d5ad-4880-bec3-4c4a23b19f88","galCheckOutVisitors":"b44a2ad8-ee27-4c7b-9fde-7b4e62eb5c2e","galleryTemplate1_2":"b025f0ce-b9c7-44a3-83c8-c723f7d3c502","lblCheckOutVisitorFullName":"fb91e295-0766-495f-bcfe-2b0ada287d37","imgCheckOutVisitorPhoto":"13ceb665-ab77-48f8-9f3f-49b8e7fe580b","lblCheckOutVisitorEmail":"e5a1d519-0ea9-48ec-b209-f5564f99a814","lblCheckOutVisitorVisitDate":"1f5deb0f-4d3e-4f9e-b43d-af8636af3b17","lblSearchVisitorName":"f0884f4a-7474-42f6-8ced-fe46b0512c2b","conSelectedVisitor":"26630f03-9f0c-424a-89d3-1148a22a8ead","lblSelectedVisitor":"3587c8e3-0615-49ec-96a6-0342efd92afc","lblSelectedVisitorFullName":"fc2a6c2d-aeaa-496a-9218-53bb42f2013d","lblSelectedVisitorEmail":"efc66cb9-63e1-40bb-86f0-1d06de6d4614","CheckOutThankYouScreen":"7d9e2640-3140-4bc3-87e3-f3bcaf13f7d0","comHeaderCheckOutThankYou":"21187381-6b0c-490c-afd2-0b60b41e4c74","conNavigationCheckOutThankYou":"9845f5d7-a20b-4b46-8242-142b65dbfb1d","icoCheckOutThankYouGoHome":"01ba9289-9001-47a7-835f-dcc77245befe","icoCheckOutSuccess":"f4b0dd04-da54-440f-a71c-7d9054bf3bbd","lblCheckOutThankYou":"de1151aa-119b-479d-9664-374532b5ddb0","lblCheckoutThankYouInstruction":"847def84-6866-484f-91e8-1915f45adff5"}