{
  "properties": {
    "connectionReferences": {
      "shared_office365": {
        "runtimeSource": "embedded",
        "connection": {},
        "api": {
          "name": "shared_office365"
        }
      },
      "shared_commondataserviceforapps": {
        "runtimeSource": "embedded",
        "connection": {},
        "api": {
          "name": "shared_commondataserviceforapps"
        }
      }
    },
    "definition": {
      "$schema": "https://schema.management.azure.com/providers/Microsoft.Logic/schemas/2016-06-01/workflowdefinition.json#",
      "contentVersion": "1.0.0.0",
      "parameters": {
        "$connections": {
          "defaultValue": {},
          "type": "Object"
        },
        "$authentication": {
          "defaultValue": {},
          "type": "SecureObject"
        }
      },
      "triggers": {
        "When_visitor_earned_a_MR_badge": {
          "metadata": {
            "operationMetadataId": "8b59d341-d5f8-49ce-9ee2-3de5f6b415d3"
          },
          "type": "OpenApiConnectionWebhook",
          "inputs": {
            "host": {
              "connectionName": "shared_commondataserviceforapps",
              "operationId": "SubscribeWebhookTrigger",
              "apiId": "/providers/Microsoft.PowerApps/apis/shared_commondataserviceforapps"
            },
            "parameters": {
              "subscriptionRequest/message": 3,
              "subscriptionRequest/entityname": "ur_visitor",
              "subscriptionRequest/scope": 4,
              "subscriptionRequest/filteringattributes": "ur_hasmrcompetency",
              "subscriptionRequest/runas": 3
            },
            "authentication": "@parameters('$authentication')"
          }
        }
      },
      "actions": {
        "Send_earned_MR_Badge_confirmation_via_email": {
          "runAfter": {},
          "metadata": {
            "operationMetadataId": "cfbcfee6-22c6-4fe9-b7a7-1b7298a230ec"
          },
          "type": "OpenApiConnection",
          "inputs": {
            "host": {
              "connectionName": "shared_office365",
              "operationId": "SendEmailV2",
              "apiId": "/providers/Microsoft.PowerApps/apis/shared_office365"
            },
            "parameters": {
              "emailMessage/To": "@triggerOutputs()?['body/ur_email']",
              "emailMessage/Subject": "Congratulation you are now a Smart Factory Mixed Reality Champion",
              "emailMessage/Body": "<body>\n<style>\n\tbody {background-color: white;}\n\tp    {font-family: Arial, Helvetica, sans-serif; color: black;}\n    td\t {font-family: Arial, Helvetica, sans-serif; color: black;}\n</style>\n\n<p>Dear Urs</p>\n\n<p>Congratulation you earned and proofed your Mixed Reality competency during your visit using <strong>Dynamics 365 Guides</strong> and <strong>Microsoft HoloLens</strong>.</p>\n\n<p/><strong>Smart Factory Mixed Reality Champion Badge issued to:</strong></p>\n\n<table style=\"width:100%\">\n  <tr>\n    <td>Name</td>\n    <td>@{triggerOutputs()?['body/ur_firstname']} @{triggerOutputs()?['body/ur_lastname']}</td>\n  </tr>\n  <tr>\n    <td>Email</td>\n    <td>@{triggerOutputs()?['body/ur_email']}</td>\n  </tr>\n    <tr>\n    <td>Issed on</td>\n    <td>@{triggerOutputs()?['body/ur_mrcompetencyearned']}</td>\n  </tr>\n    <tr>\n    <td>Issued by</td>\n    <td><a href=\"https://www.sipbb.ch/en/forschung/swiss-smart-factory/\">Swiss Smart Factory</a></td>\n  </tr>\n</table>\n\n<p>Enclose we share with you, your <strong>Smart Factory Mixed Reality Champion Badge</strong>.</p>\n<br>\n<img src=\"https://ssfdyncfsp2d870830e53a.blob.core.windows.net/images/SwissSmartFactoryMixedRealityCampionBadge.png\" alt=\"Swiss Smart Factory Mixed Reality Campion Badge\" width=\"500\" height=\"400\">\n\n<br>\n<p>We hope you enjoyed your <a href=\"https://www.sipbb.ch/en/forschung/swiss-smart-factory/\"><strong>Swiss Smart Factory</strong></a>&nbsp;visit and were able to delight you with our Mixed Reality experience demo.</p>\n\n<p>Shared you earned Smart Factory Mixed Reality Champion Badge and comment your experiences on <a href=\"https://www.linkedin.com/\"><strong>LinkedIn</strong></a>&nbsp;profile.</p>\n\n<p>Regards<br>\nYour Swiss Smart Factory team</p>\n\n</body>"
            },
            "authentication": "@parameters('$authentication')"
          }
        }
      }
    },
    "templateName": null
  },
  "schemaVersion": "1.0.0.0"
}